,city_development_index,relevent_experience,education_level,experience,last_new_job,target
0,0.92,1,2.0,0.0,1.0,1
1,0.7759999999999999,0,2.0,0.0,5.0,0
2,0.624,0,2.0,0.0,0.0,0
3,0.789,0,2.0,0.0,0.0,1
4,0.767,1,2.0,0.0,4.0,0
5,0.764,1,2.0,0.0,1.0,1
6,0.92,1,2.0,0.0,1.0,0
7,0.762,1,2.0,0.0,5.0,1
9,0.92,1,2.0,0.0,5.0,0
10,0.624,0,2.0,0.0,0.0,1
12,0.913,1,2.0,0.0,3.0,0
13,0.624,0,4.0,0.0,0.0,0
15,0.926,1,2.0,0.0,5.0,0
16,0.92,1,2.0,0.0,0.0,0
17,0.624,1,2.0,0.0,2.0,0
18,0.624,1,2.0,0.0,0.0,1
19,0.8270000000000001,1,2.0,0.0,1.0,1
20,0.843,1,2.0,0.0,1.0,0
21,0.926,1,2.0,0.0,2.0,0
22,0.804,1,2.0,0.0,1.0,0
23,0.7759999999999999,1,2.0,0.0,1.0,0
24,0.624,1,2.0,0.0,1.0,0
25,0.855,0,2.0,0.0,0.0,0
26,0.624,1,2.0,0.0,1.0,1
27,0.92,1,2.0,0.0,2.0,0
28,0.887,1,2.0,0.0,1.0,1
29,0.624,1,2.0,0.0,2.0,1
30,0.92,1,2.0,0.0,3.0,0
32,0.92,0,2.0,0.0,1.0,0
34,0.91,1,2.0,0.0,3.0,0
36,0.926,0,2.0,0.0,1.0,0
37,0.926,1,2.0,0.0,4.0,1
38,0.92,0,2.0,0.0,4.0,0
39,0.884,0,2.0,0.0,0.0,0
41,0.924,1,2.0,0.0,2.0,0
43,0.6659999999999999,0,2.0,0.0,0.0,0
44,0.624,1,2.0,0.0,3.0,1
47,0.92,1,2.0,0.0,4.0,1
48,0.5579999999999999,1,2.0,0.0,5.0,1
49,0.923,1,2.0,0.0,1.0,0
50,0.5579999999999999,0,2.0,0.0,1.0,1
51,0.6659999999999999,1,2.0,0.0,2.0,0
52,0.794,0,2.0,0.0,5.0,0
55,0.924,1,2.0,0.0,1.0,0
56,0.754,1,2.0,0.0,2.0,0
58,0.624,1,2.0,0.0,2.1882634428913237,1
59,0.767,1,2.0,0.0,5.0,1
60,0.855,1,2.0,0.0,1.0,0
61,0.939,1,2.0,0.0,3.0,0
62,0.8270000000000001,1,2.0,0.0,1.0,0
63,0.887,1,2.0,0.0,5.0,0
64,0.55,0,2.0,3.0,2.1882634428913237,0
65,0.865,1,2.0,0.0,2.0,1
66,0.855,0,2.0,0.0,4.0,0
67,0.91,1,2.0,0.0,5.0,0
68,0.91,1,2.0,0.0,1.0,0
69,0.698,0,4.0,0.0,0.0,1
70,0.6659999999999999,1,2.0,0.0,4.0,0
74,0.55,0,2.0,0.0,0.0,0
76,0.893,1,2.0,0.0,2.0,0
78,0.855,0,2.0,0.0,3.0,0
84,0.7959999999999999,1,2.0,0.0,1.0,0
85,0.884,1,2.0,0.0,1.0,0
86,0.866,0,2.0,0.0,2.0,0
87,0.92,0,2.0,0.0,3.0,0
88,0.698,0,2.0,0.0,2.0,0
90,0.913,0,2.0,4.0,2.1882634428913237,0
91,0.91,0,2.0,0.0,0.0,0
92,0.92,0,2.0,0.0,1.0,1
93,0.682,1,2.0,0.0,2.0,1
95,0.802,1,2.0,0.0,1.0,0
97,0.579,0,2.0,0.0,1.0,0
98,0.802,1,2.0,0.0,2.0,1
99,0.55,1,2.0,0.0,2.0,1
100,0.55,1,2.0,0.0,1.0,1
101,0.878,0,2.0,0.0,1.0,0
105,0.939,1,2.0,0.0,2.0,0
106,0.897,1,2.0,0.0,2.0,0
109,0.754,1,2.0,0.0,4.0,0
111,0.926,1,2.0,0.0,1.0,0
112,0.949,0,2.0,0.0,1.0,1
115,0.925,1,2.0,0.0,5.0,0
117,0.698,1,2.0,0.0,1.0,0
118,0.8959999999999999,1,2.0,0.0,4.0,0
120,0.624,1,2.0,0.0,5.0,0
121,0.91,1,2.0,0.0,2.0,1
122,0.878,1,2.0,0.0,2.0,0
124,0.836,1,2.0,0.0,1.0,0
125,0.693,1,2.0,0.0,2.0,0
129,0.92,1,2.0,0.0,3.0,1
130,0.893,0,2.0,0.0,5.0,0
131,0.926,0,2.0,0.0,5.0,0
132,0.804,1,2.0,0.0,3.0,0
134,0.804,0,2.0,0.0,0.0,0
135,0.92,0,2.0,0.0,2.1882634428913237,0
136,0.624,0,2.0,0.0,1.0,0
138,0.55,0,2.0,0.0,1.0,0
140,0.698,0,2.0,0.0,4.0,1
142,0.92,0,2.0,0.0,2.0,0
143,0.866,0,2.0,0.0,5.0,0
145,0.926,1,2.0,0.0,0.0,0
146,0.769,1,2.0,0.0,5.0,0
147,0.754,1,2.0,0.0,2.0,1
148,0.855,1,2.0,0.0,0.0,0
149,0.92,0,2.0,0.0,0.0,0
150,0.926,1,2.0,0.0,4.0,0
152,0.92,0,2.0,0.0,5.0,0
155,0.624,1,2.0,0.0,4.0,1
157,0.925,1,2.0,0.0,3.0,1
158,0.926,0,2.0,0.0,0.0,0
161,0.939,1,2.0,0.0,0.0,0
163,0.804,0,2.0,0.0,5.0,0
166,0.698,0,2.0,0.0,5.0,0
168,0.754,1,2.0,0.0,1.0,0
169,0.92,1,2.0,0.0,5.0,1
170,0.855,1,2.0,0.0,4.0,0
171,0.698,1,4.0,0.0,5.0,0
173,0.91,0,2.0,0.0,1.0,0
174,0.878,1,2.0,0.0,1.0,0
175,0.92,1,2.0,0.0,4.0,0
176,0.949,1,2.0,0.0,1.0,0
180,0.698,0,2.0,0.0,2.1882634428913237,1
182,0.924,0,2.0,0.0,0.0,0
183,0.939,1,2.0,0.0,5.0,0
185,0.897,1,2.0,0.0,1.0,0
186,0.624,1,2.0,0.0,5.0,1
188,0.789,1,2.0,0.0,5.0,1
192,0.91,0,2.0,0.0,3.0,1
193,0.923,0,2.0,0.0,1.0,0
194,0.91,1,2.0,0.0,0.0,0
197,0.893,1,2.0,0.0,0.0,0
198,0.802,1,2.0,0.0,0.0,0
199,0.884,1,2.0,0.0,2.0,0
202,0.775,1,2.0,0.0,1.0,0
204,0.903,1,2.0,0.0,1.0,1
205,0.55,1,2.0,0.0,2.1882634428913237,1
211,0.555,1,2.0,0.0,1.0,0
222,0.939,1,2.0,0.0,1.0,0
224,0.804,0,2.0,0.0,1.0,0
225,0.91,0,2.0,0.0,0.0,1
231,0.727,1,2.0,0.0,5.0,0
232,0.91,0,2.0,0.0,2.0,1
234,0.754,1,2.0,0.0,5.0,0
235,0.903,1,2.0,0.0,4.0,0
236,0.884,0,2.0,0.0,1.0,0
237,0.903,1,2.0,0.0,2.0,0
245,0.698,0,2.0,0.0,0.0,0
255,0.893,0,2.0,0.0,1.0,0
256,0.762,1,2.0,0.0,1.0,0
258,0.6659999999999999,1,2.0,0.0,1.0,1
259,0.6659999999999999,0,2.0,0.0,5.0,1
260,0.624,0,2.0,0.0,1.0,1
261,0.897,1,2.0,0.0,5.0,0
266,0.923,0,2.0,0.0,0.0,0
273,0.91,1,2.0,0.0,2.0,0
279,0.949,1,2.0,0.0,4.0,0
280,0.939,1,2.0,0.0,1.0,1
281,0.64,1,2.0,0.0,0.0,1
283,0.794,0,2.0,0.0,1.0,0
285,0.516,1,2.0,0.0,1.0,0
288,0.727,1,2.0,0.0,2.0,0
290,0.924,0,2.0,0.0,1.0,1
294,0.555,0,2.0,0.0,1.0,0
297,0.855,1,2.0,0.0,2.0,0
299,0.579,1,2.0,0.0,1.0,0
300,0.897,1,2.0,0.0,0.0,0
305,0.913,0,2.0,0.0,0.0,0
308,0.923,1,2.0,0.0,5.0,0
309,0.913,1,2.0,0.0,1.0,0
311,0.804,1,2.0,0.0,1.0,1
314,0.743,0,2.0,0.0,5.0,0
317,0.804,1,2.0,0.0,5.0,0
320,0.804,1,2.0,0.0,4.0,0
326,0.769,1,2.0,0.0,1.0,0
330,0.899,1,2.0,0.0,1.0,0
331,0.865,0,2.0,0.0,0.0,0
332,0.855,1,2.0,0.0,2.0,1
334,0.698,1,2.0,0.0,4.0,0
336,0.804,0,2.0,0.0,0.0,1
337,0.913,1,2.0,0.0,5.0,0
340,0.897,0,2.0,0.0,1.0,0
341,0.915,1,2.0,0.0,4.0,0
342,0.887,1,2.0,0.0,1.0,0
346,0.802,1,2.0,0.0,4.0,0
347,0.6890000000000001,0,2.0,0.0,2.0,0
348,0.698,0,2.0,0.0,2.0,1
353,0.893,1,2.0,0.0,4.0,0
355,0.55,1,2.0,0.0,1.0,0
361,0.899,1,2.0,0.0,2.0,0
362,0.878,1,2.0,0.0,3.0,1
363,0.7759999999999999,1,2.0,0.0,5.0,0
364,0.804,1,2.0,0.0,2.0,0
366,0.91,0,4.0,0.0,0.0,0
371,0.893,1,2.0,0.0,5.0,0
375,0.92,0,2.0,0.0,0.0,1
379,0.887,0,2.0,0.0,1.0,1
382,0.897,0,2.0,0.0,4.0,1
390,0.836,0,2.0,0.0,0.0,0
391,0.698,1,2.0,0.0,2.1882634428913237,1
395,0.895,1,2.0,0.0,1.0,0
398,0.55,0,2.0,0.0,0.0,1
399,0.92,0,4.0,0.0,0.0,0
400,0.89,0,2.0,0.0,3.0,0
408,0.8959999999999999,1,2.0,0.0,5.0,1
409,0.884,0,2.0,0.0,3.0,0
421,0.767,1,2.0,0.0,1.0,0
422,0.884,1,2.0,0.0,2.0,1
423,0.847,1,2.0,0.0,0.0,0
428,0.8270000000000001,1,2.0,0.0,2.0,0
430,0.794,1,2.0,0.0,1.0,0
432,0.527,0,2.0,0.0,1.0,0
439,0.7659999999999999,1,2.0,0.0,0.0,1
440,0.738,1,2.0,0.0,1.0,0
441,0.855,0,2.0,0.0,1.0,0
442,0.91,1,2.0,0.0,4.0,0
446,0.762,1,2.0,0.0,3.0,0
447,0.91,0,2.0,0.0,1.0,1
448,0.903,1,2.0,0.0,1.0,0
449,0.855,1,2.0,0.0,5.0,0
450,0.878,1,2.0,0.0,5.0,0
454,0.762,1,2.0,0.0,5.0,0
458,0.92,0,2.0,5.0,2.1882634428913237,0
461,0.7759999999999999,1,2.0,0.0,0.0,0
463,0.767,1,2.0,0.0,0.0,0
464,0.767,1,2.0,0.0,1.0,1
473,0.64,0,2.0,0.0,1.0,0
475,0.802,1,2.0,0.0,2.0,0
478,0.647,1,2.0,0.0,1.0,0
484,0.924,1,2.0,0.0,5.0,0
488,0.795,1,2.0,0.0,5.0,0
490,0.5579999999999999,0,2.0,0.0,0.0,1
496,0.794,1,2.0,0.0,5.0,0
498,0.682,1,2.0,0.0,3.0,0
503,0.92,1,2.0,0.0,2.0,1
506,0.887,1,2.0,0.0,0.0,0
508,0.939,0,2.0,0.0,2.0,0
514,0.7959999999999999,1,2.0,0.0,5.0,0
521,0.91,1,2.0,0.0,1.0,1
522,0.55,1,2.0,0.0,5.0,1
523,0.74,0,2.0,0.0,1.0,1
528,0.754,0,2.0,0.0,1.0,1
535,0.939,0,2.0,0.0,1.0,0
537,0.754,0,2.0,0.0,1.0,0
538,0.698,1,2.0,0.0,0.0,0
543,0.89,1,2.0,0.0,5.0,0
544,0.855,0,2.0,0.0,2.0,0
545,0.624,0,2.0,0.0,3.0,1
551,0.926,1,2.0,0.0,3.0,0
552,0.698,1,2.0,0.0,5.0,0
557,0.865,1,2.0,0.0,5.0,0
565,0.743,1,2.0,0.0,2.0,0
570,0.924,1,2.0,0.0,1.0,1
572,0.866,1,2.0,0.0,1.0,0
574,0.701,0,2.0,0.0,1.0,0
575,0.89,1,2.0,0.0,2.1882634428913237,0
576,0.91,0,2.0,0.0,2.0,0
584,0.698,0,2.0,0.0,1.0,1
585,0.893,1,2.0,0.0,1.0,0
587,0.7659999999999999,1,2.0,0.0,1.0,1
589,0.767,1,2.0,0.0,0.0,1
590,0.516,1,2.0,0.0,1.0,1
593,0.682,0,2.0,3.0,2.1882634428913237,1
598,0.913,1,2.0,0.0,4.0,0
606,0.939,0,2.0,0.0,2.0,1
609,0.925,1,2.0,0.0,2.0,0
610,0.6659999999999999,1,2.0,0.0,1.0,0
616,0.767,1,2.0,0.0,2.0,0
619,0.682,0,2.0,0.0,1.0,0
620,0.926,0,2.0,0.0,2.0,0
623,0.762,0,2.0,0.0,0.0,0
625,0.767,0,2.0,0.0,2.0,1
626,0.887,1,2.0,0.0,4.0,1
629,0.895,1,2.0,0.0,5.0,0
631,0.698,1,2.0,0.0,1.0,1
635,0.915,1,2.0,0.0,2.0,0
643,0.802,0,2.0,0.0,1.0,1
648,0.878,0,2.0,0.0,3.0,0
654,0.6890000000000001,1,2.0,0.0,3.0,1
668,0.698,0,2.0,0.0,1.0,0
672,0.8959999999999999,0,2.0,0.0,5.0,0
675,0.769,1,2.0,0.0,5.0,1
677,0.924,0,2.0,0.0,3.0,1
695,0.493,0,2.0,0.0,1.0,1
696,0.91,0,2.0,0.0,4.0,0
699,0.899,0,2.0,0.0,5.0,0
701,0.878,0,2.0,0.0,2.0,0
707,0.84,1,2.0,0.0,1.0,0
713,0.555,1,2.0,0.0,1.0,1
714,0.769,0,2.0,0.0,2.0,1
715,0.897,0,2.0,0.0,5.0,0
719,0.92,1,2.0,11.0,2.1882634428913237,1
720,0.887,0,2.0,0.0,0.0,0
721,0.804,0,2.0,0.0,2.0,1
722,0.6890000000000001,0,2.0,0.0,0.0,0
727,0.855,0,2.0,0.0,2.0,1
738,0.866,1,2.0,0.0,0.0,0
739,0.878,0,2.0,0.0,1.0,1
740,0.903,1,2.0,0.0,5.0,0
741,0.691,0,2.0,0.0,1.0,0
749,0.735,1,2.0,0.0,1.0,0
754,0.84,0,4.0,0.0,0.0,0
760,0.897,0,4.0,0.0,0.0,0
762,0.742,1,2.0,0.0,1.0,0
770,0.91,1,2.0,0.0,2.1882634428913237,0
772,0.884,1,2.0,0.0,5.0,0
775,0.624,1,2.0,0.0,3.0,0
776,0.899,1,2.0,0.0,3.0,0
779,0.91,0,2.0,0.0,5.0,0
781,0.866,1,2.0,0.0,2.0,0
787,0.897,0,2.0,0.0,2.0,0
789,0.8270000000000001,1,2.0,0.0,5.0,0
790,0.555,1,2.0,0.0,3.0,1
791,0.624,0,2.0,0.0,5.0,1
802,0.843,1,2.0,0.0,1.0,1
805,0.738,1,2.0,0.0,5.0,1
807,0.479,1,2.0,0.0,1.0,0
808,0.6890000000000001,1,2.0,0.0,0.0,0
810,0.527,1,2.0,0.0,0.0,0
813,0.7759999999999999,1,2.0,0.0,2.0,0
816,0.624,1,2.0,0.0,0.0,0
830,0.682,0,2.0,0.0,1.0,1
831,0.878,1,2.0,0.0,3.0,0
832,0.754,0,2.0,0.0,5.0,0
834,0.899,1,2.0,0.0,0.0,0
840,0.924,1,2.0,0.0,3.0,0
843,0.949,0,2.0,0.0,5.0,0
846,0.887,1,2.0,0.0,4.0,0
848,0.722,1,2.0,0.0,1.0,1
850,0.893,0,2.0,0.0,3.0,0
852,0.926,0,2.0,0.0,4.0,0
853,0.897,0,2.0,0.0,0.0,1
856,0.8270000000000001,0,2.0,0.0,1.0,0
857,0.89,1,2.0,0.0,2.0,0
861,0.925,1,2.0,0.0,1.0,0
867,0.915,1,2.0,0.0,1.0,0
872,0.743,0,2.0,0.0,0.0,0
876,0.6890000000000001,0,2.0,0.0,1.0,1
882,0.897,0,2.0,0.0,0.0,0
889,0.893,0,2.0,0.0,2.0,0
891,0.735,1,2.0,0.0,2.1882634428913237,0
901,0.527,1,2.0,0.0,2.0,0
902,0.738,0,2.0,0.0,2.1882634428913237,0
903,0.921,1,2.0,0.0,1.0,0
904,0.89,1,2.0,0.0,1.0,0
906,0.895,0,2.0,0.0,1.0,1
909,0.624,1,2.0,0.0,2.1882634428913237,0
910,0.767,0,2.0,0.0,1.0,1
911,0.848,1,2.0,0.0,4.0,0
918,0.856,1,2.0,0.0,1.0,0
921,0.767,0,2.0,0.0,0.0,0
928,0.92,1,4.0,0.0,3.0,0
938,0.843,1,2.0,0.0,5.0,1
941,0.92,0,2.0,0.0,2.0,1
945,0.479,0,2.0,0.0,1.0,1
946,0.897,1,2.0,0.0,4.0,0
949,0.887,0,2.0,0.0,3.0,0
953,0.754,1,2.0,0.0,3.0,1
954,0.92,0,2.0,0.0,5.0,1
959,0.939,1,2.0,0.0,4.0,0
964,0.843,0,2.0,0.0,1.0,0
968,0.762,0,2.0,0.0,5.0,0
969,0.903,0,2.0,0.0,5.0,0
977,0.479,0,2.0,0.0,2.1882634428913237,1
978,0.64,1,2.0,0.0,5.0,0
979,0.893,1,2.0,0.0,1.0,1
990,0.897,1,2.0,0.0,1.0,1
992,0.84,0,2.0,0.0,0.0,0
998,0.7759999999999999,0,2.0,0.0,1.0,0
1001,0.743,1,2.0,0.0,4.0,0
1005,0.836,1,2.0,0.0,2.0,0
1009,0.682,1,2.0,0.0,1.0,0
1012,0.899,0,2.0,0.0,0.0,0
1015,0.893,1,2.0,0.0,2.0,1
1022,0.8270000000000001,0,2.0,0.0,0.0,0
1023,0.767,0,2.0,0.0,5.0,1
1044,0.903,1,2.0,0.0,3.0,0
1047,0.92,0,2.0,2.0,2.1882634428913237,1
1049,0.926,0,2.0,0.0,1.0,1
1050,0.8959999999999999,1,2.0,0.0,2.0,0
1055,0.926,1,2.0,0.0,2.0,1
1057,0.939,0,2.0,0.0,1.0,1
1060,0.898,0,2.0,0.0,0.0,0
1064,0.878,0,2.0,0.0,0.0,0
1080,0.926,0,2.0,0.0,5.0,1
1086,0.926,1,2.0,0.0,1.0,1
1088,0.527,1,2.0,0.0,5.0,0
1092,0.913,1,2.0,0.0,1.0,1
1093,0.5579999999999999,1,2.0,0.0,1.0,1
1106,0.698,0,2.0,0.0,0.0,1
1111,0.887,1,2.0,0.0,3.0,0
1116,0.55,0,2.0,0.0,1.0,1
1121,0.743,1,2.0,0.0,3.0,0
1122,0.897,0,2.0,0.0,1.0,1
1123,0.924,1,2.0,0.0,4.0,0
1133,0.899,1,2.0,0.0,5.0,0
1135,0.843,1,2.0,0.0,5.0,0
1136,0.754,1,2.0,0.0,5.0,1
1138,0.866,0,2.0,0.0,0.0,0
1141,0.897,0,2.0,0.0,4.0,0
1147,0.769,0,2.0,0.0,1.0,0
1148,0.682,0,2.0,0.0,0.0,0
1155,0.698,1,2.0,0.0,3.0,0
1166,0.624,0,2.0,3.0,2.1882634428913237,0
1169,0.8959999999999999,1,2.0,0.0,5.0,0
1172,0.887,0,2.0,0.0,1.0,0
1187,0.579,1,2.0,0.0,2.1882634428913237,0
1196,0.83,1,2.0,0.0,0.0,0
1197,0.913,1,2.0,0.0,2.0,0
1204,0.73,1,2.0,0.0,5.0,0
1212,0.764,1,2.0,0.0,1.0,0
1214,0.698,1,2.0,0.0,5.0,1
1220,0.949,0,2.0,0.0,2.0,0
1221,0.68,0,2.0,0.0,0.0,0
1232,0.939,0,2.0,0.0,0.0,0
1238,0.555,0,2.0,0.0,0.0,1
1240,0.795,1,2.0,0.0,0.0,0
1251,0.91,1,2.0,0.0,5.0,1
1257,0.754,1,2.0,0.0,1.0,1
1258,0.84,1,2.0,0.0,2.0,0
1263,0.527,0,2.0,0.0,0.0,1
1276,0.8959999999999999,1,2.0,0.0,0.0,0
1280,0.624,1,2.0,0.0,4.0,0
1285,0.767,1,2.0,0.0,2.0,1
1290,0.884,0,2.0,0.0,5.0,0
1297,0.8959999999999999,1,2.0,0.0,1.0,0
1309,0.725,0,2.0,0.0,0.0,1
1311,0.893,1,2.0,0.0,5.0,1
1314,0.884,1,2.0,0.0,3.0,0
1329,0.893,0,2.0,0.0,0.0,0
1334,0.55,1,2.0,0.0,2.0,0
1337,0.789,0,2.0,0.0,1.0,0
1339,0.6890000000000001,1,2.0,0.0,5.0,0
1341,0.682,1,2.0,0.0,5.0,1
1342,0.8959999999999999,0,2.0,0.0,1.0,1
1350,0.767,1,2.0,0.0,5.0,0
1352,0.555,1,2.0,0.0,2.0,1
1374,0.7659999999999999,1,2.0,0.0,1.0,0
1376,0.92,1,4.0,6.0,2.1882634428913237,0
1379,0.579,1,2.0,0.0,0.0,0
1386,0.855,0,2.0,0.0,1.0,1
1388,0.691,1,2.0,0.0,2.1882634428913237,1
1396,0.926,0,2.0,0.0,0.0,1
1400,0.903,1,2.0,0.0,2.0,1
1402,0.836,1,2.0,0.0,5.0,0
1411,0.848,1,2.0,0.0,5.0,0
1413,0.754,1,2.0,0.0,0.0,1
1415,0.923,1,2.0,0.0,4.0,0
1424,0.8959999999999999,0,2.0,0.0,2.0,0
1428,0.527,0,2.0,0.0,3.0,0
1430,0.556,1,2.0,0.0,1.0,1
1432,0.8959999999999999,0,2.0,0.0,1.0,0
1434,0.698,0,4.0,0.0,0.0,0
1441,0.899,1,2.0,0.0,2.1882634428913237,0
1442,0.7959999999999999,0,2.0,0.0,2.1882634428913237,0
1445,0.55,1,4.0,3.0,2.1882634428913237,1
1447,0.624,1,4.0,0.0,1.0,1
1454,0.624,0,2.0,0.0,5.0,0
1457,0.754,0,2.0,0.0,0.0,0
1458,0.949,1,2.0,0.0,2.0,0
1462,0.836,0,2.0,0.0,1.0,1
1463,0.887,0,2.0,0.0,2.0,1
1470,0.722,1,2.0,0.0,1.0,0
1473,0.74,0,2.0,0.0,0.0,1
1481,0.682,1,2.0,0.0,2.0,0
1491,0.698,0,2.0,0.0,4.0,0
1497,0.698,1,2.0,0.0,3.0,1
1499,0.897,0,2.0,0.0,3.0,0
1506,0.865,1,2.0,0.0,4.0,1
1513,0.624,0,2.0,0.0,2.1882634428913237,0
1517,0.915,1,2.0,0.0,1.0,1
1523,0.4479999999999999,1,2.0,0.0,5.0,1
1525,0.698,0,2.0,0.0,3.0,0
1526,0.855,1,2.0,0.0,5.0,1
1533,0.74,0,2.0,0.0,0.0,0
1538,0.682,0,2.0,0.0,2.0,0
1541,0.915,0,2.0,0.0,1.0,1
1542,0.926,1,2.0,0.0,5.0,1
1547,0.89,0,2.0,0.0,0.0,1
1555,0.763,1,2.0,0.0,2.0,0
1556,0.6890000000000001,1,2.0,0.0,1.0,0
1578,0.926,1,2.0,0.0,0.0,1
1585,0.738,1,2.0,0.0,2.1882634428913237,0
1592,0.939,1,2.0,0.0,2.0,1
1599,0.923,1,2.0,0.0,2.0,1
1608,0.727,1,2.0,0.0,3.0,1
1620,0.789,0,2.0,0.0,1.0,1
1627,0.579,0,2.0,3.0,2.1882634428913237,1
1631,0.924,0,2.0,0.0,1.0,0
1632,0.738,0,2.0,4.0,2.1882634428913237,1
1633,0.865,1,2.0,0.0,1.0,0
1634,0.754,1,2.0,0.0,3.0,0
1635,0.7659999999999999,1,2.0,0.0,5.0,1
1637,0.738,1,2.0,0.0,0.0,0
1640,0.738,1,2.0,0.0,2.0,1
1641,0.5579999999999999,0,2.0,0.0,1.0,0
1647,0.925,0,2.0,0.0,2.0,0
1654,0.804,0,2.0,0.0,1.0,1
1663,0.923,0,2.0,0.0,2.0,0
1669,0.836,1,2.0,0.0,0.0,0
1670,0.762,1,2.0,0.0,0.0,0
1678,0.926,0,2.0,0.0,2.0,1
1683,0.804,0,2.0,6.0,2.1882634428913237,0
1687,0.924,0,2.0,0.0,5.0,0
1688,0.925,1,2.0,0.0,3.0,0
1692,0.924,1,2.0,0.0,0.0,0
1715,0.92,1,2.0,0.0,0.0,1
1720,0.84,1,2.0,0.0,3.0,0
1726,0.74,0,2.0,3.0,2.1882634428913237,1
1731,0.855,1,2.0,0.0,4.0,1
1733,0.89,0,2.0,0.0,1.0,0
1734,0.579,1,2.0,2.0,2.1882634428913237,1
1737,0.949,1,2.0,0.0,2.0,1
1739,0.762,1,2.0,0.0,3.0,1
1742,0.754,1,2.0,0.0,2.1882634428913237,0
1743,0.91,0,2.0,0.0,5.0,1
1744,0.698,1,2.0,0.0,2.0,0
1761,0.527,1,2.0,0.0,3.0,1
1769,0.7959999999999999,1,2.0,0.0,3.0,0
1781,0.855,1,2.0,0.0,3.0,0
1785,0.878,1,2.0,0.0,1.0,1
1790,0.848,1,2.0,0.0,3.0,0
1817,0.74,0,2.0,0.0,2.0,0
1818,0.802,0,2.0,0.0,0.0,0
1839,0.579,0,2.0,0.0,0.0,0
1844,0.6659999999999999,0,2.0,0.0,1.0,0
1864,0.949,0,2.0,0.0,1.0,0
1868,0.83,0,2.0,0.0,0.0,0
1869,0.804,1,2.0,0.0,2.0,1
1879,0.789,1,2.0,0.0,1.0,1
1882,0.579,1,2.0,0.0,0.0,1
1884,0.682,0,2.0,0.0,2.0,1
1895,0.725,0,2.0,0.0,1.0,0
1896,0.5579999999999999,1,2.0,0.0,2.0,0
1898,0.722,0,2.0,0.0,5.0,0
1902,0.899,1,2.0,0.0,2.0,1
1937,0.762,1,2.0,0.0,2.0,0
1940,0.624,0,2.0,0.0,4.0,0
1943,0.89,1,2.0,0.0,3.0,0
1945,0.479,1,2.0,0.0,0.0,1
1964,0.897,1,2.0,0.0,2.1882634428913237,0
1968,0.6659999999999999,1,2.0,0.0,5.0,0
1976,0.924,0,2.0,0.0,4.0,0
1985,0.754,1,2.0,0.0,4.0,1
1990,0.762,0,2.0,0.0,1.0,1
2001,0.698,1,2.0,0.0,2.0,1
2007,0.804,1,2.0,17.0,2.1882634428913237,0
2010,0.92,0,2.0,0.0,3.0,1
2011,0.925,1,2.0,0.0,4.0,0
2012,0.55,1,2.0,0.0,3.0,1
2024,0.939,1,2.0,0.0,5.0,1
2028,0.7959999999999999,0,2.0,0.0,1.0,0
2031,0.479,0,2.0,0.0,3.0,1
2035,0.6659999999999999,1,2.0,0.0,2.0,1
2036,0.624,0,2.0,0.0,4.0,1
2037,0.887,0,2.0,0.0,2.1882634428913237,0
2043,0.884,0,2.0,0.0,2.0,0
2045,0.754,0,2.0,0.0,3.0,0
2060,0.887,1,2.0,7.0,2.1882634428913237,0
2062,0.802,1,2.0,0.0,5.0,0
2066,0.6659999999999999,0,2.0,0.0,1.0,1
2070,0.887,0,2.0,0.0,5.0,0
2088,0.5579999999999999,1,2.0,0.0,1.0,0
2096,0.764,1,2.0,0.0,3.0,1
2106,0.624,0,2.0,19.0,2.1882634428913237,1
2113,0.913,1,2.0,0.0,3.0,1
2117,0.7659999999999999,0,2.0,0.0,2.0,1
2118,0.92,1,2.0,0.0,2.1882634428913237,0
2122,0.762,1,2.0,0.0,1.0,1
2124,0.5579999999999999,1,2.0,0.0,0.0,1
2128,0.887,1,2.0,0.0,3.0,1
2131,0.745,0,2.0,0.0,0.0,0
2133,0.727,0,2.0,0.0,1.0,1
2138,0.866,0,2.0,0.0,1.0,1
2142,0.7659999999999999,1,2.0,0.0,2.0,0
2165,0.762,0,2.0,0.0,3.0,0
2166,0.895,1,2.0,0.0,2.0,1
2176,0.527,1,2.0,0.0,1.0,0
2177,0.949,1,2.0,0.0,5.0,0
2186,0.84,1,2.0,0.0,0.0,0
2189,0.939,0,2.0,0.0,3.0,0
2193,0.691,1,2.0,0.0,2.0,0
2226,0.682,1,2.0,0.0,4.0,0
2242,0.802,0,2.0,0.0,1.0,0
2246,0.767,1,2.0,0.0,3.0,1
2250,0.645,1,2.0,0.0,2.0,0
2268,0.802,1,2.0,0.0,5.0,1
2283,0.6659999999999999,0,2.0,0.0,5.0,0
2285,0.804,1,2.0,0.0,0.0,1
2295,0.579,1,2.0,0.0,2.0,1
2314,0.743,0,2.0,0.0,1.0,1
2316,0.84,1,2.0,0.0,1.0,1
2319,0.727,1,2.0,0.0,4.0,0
2326,0.897,1,2.0,0.0,3.0,0
2348,0.913,1,2.0,0.0,5.0,1
2351,0.74,1,2.0,0.0,0.0,0
2362,0.763,1,2.0,0.0,1.0,0
2369,0.91,0,2.0,0.0,3.0,0
2378,0.856,0,2.0,0.0,1.0,0
2393,0.887,1,2.0,0.0,2.0,0
2399,0.743,1,2.0,0.0,5.0,0
2402,0.698,0,2.0,2.0,2.1882634428913237,0
2404,0.579,0,2.0,1.0,2.1882634428913237,1
2405,0.91,0,2.0,5.0,2.1882634428913237,0
2406,0.8959999999999999,0,2.0,0.0,0.0,1
2409,0.925,0,2.0,0.0,5.0,0
2411,0.866,1,2.0,0.0,2.0,1
2417,0.743,1,2.0,0.0,1.0,0
2424,0.899,1,2.0,0.0,1.0,1
2425,0.855,0,2.0,0.0,5.0,0
2426,0.624,0,2.0,0.0,2.1882634428913237,1
2432,0.802,0,2.0,0.0,4.0,0
2439,0.92,0,2.0,0.0,4.0,1
2443,0.682,1,2.0,0.0,1.0,1
2448,0.738,1,2.0,0.0,3.0,0
2480,0.893,1,2.0,0.0,3.0,0
2485,0.903,1,2.0,0.0,2.1882634428913237,0
2489,0.897,0,2.0,0.0,2.1882634428913237,0
2494,0.923,1,2.0,0.0,2.0,0
2498,0.6890000000000001,1,2.0,0.0,1.0,1
2518,0.897,0,4.0,4.0,2.1882634428913237,0
2538,0.866,1,2.0,0.0,5.0,0
2540,0.579,0,2.0,0.0,1.0,1
2548,0.516,1,2.0,0.0,5.0,1
2552,0.887,1,2.0,0.0,2.1882634428913237,1
2562,0.913,1,2.0,0.0,2.0,1
2573,0.7659999999999999,1,2.0,0.0,5.0,0
2579,0.91,1,4.0,0.0,5.0,1
2581,0.915,0,2.0,0.0,0.0,0
2602,0.738,0,2.0,0.0,1.0,0
2608,0.6659999999999999,1,2.0,0.0,3.0,0
2609,0.682,0,2.0,0.0,0.0,1
2611,0.848,1,2.0,0.0,1.0,0
2612,0.7659999999999999,0,2.0,0.0,1.0,1
2644,0.903,0,2.0,0.0,1.0,0
2646,0.913,0,2.0,0.0,2.0,1
2653,0.647,1,2.0,0.0,0.0,0
2675,0.795,1,2.0,0.0,1.0,0
2680,0.802,1,2.0,0.0,3.0,0
2690,0.7959999999999999,1,2.0,0.0,2.0,0
2698,0.7879999999999999,1,2.0,0.0,2.0,0
2714,0.804,0,2.0,0.0,2.0,0
2717,0.903,0,2.0,0.0,0.0,0
2729,0.843,0,2.0,4.0,2.1882634428913237,0
2737,0.923,0,2.0,0.0,5.0,0
2751,0.802,1,2.0,6.0,2.1882634428913237,0
2753,0.6659999999999999,1,2.0,0.0,0.0,0
2761,0.624,0,2.0,0.0,2.0,1
2765,0.83,1,2.0,0.0,1.0,0
2767,0.698,0,2.0,2.0,2.1882634428913237,1
2781,0.743,1,2.0,0.0,2.1882634428913237,0
2786,0.78,0,2.0,0.0,5.0,0
2791,0.762,1,2.0,0.0,2.0,1
2792,0.884,1,2.0,0.0,0.0,0
2794,0.794,1,2.0,0.0,2.0,0
2796,0.764,1,2.0,0.0,2.0,0
2798,0.887,1,2.0,0.0,5.0,1
2801,0.527,1,2.0,0.0,0.0,1
2806,0.763,1,2.0,0.0,0.0,0
2807,0.923,1,2.0,0.0,5.0,1
2812,0.527,0,2.0,0.0,1.0,1
2819,0.767,1,2.0,0.0,3.0,0
2833,0.939,0,2.0,0.0,5.0,0
2837,0.789,1,2.0,0.0,1.0,0
2849,0.691,0,2.0,0.0,2.0,0
2851,0.925,0,2.0,0.0,1.0,1
2863,0.743,1,2.0,0.0,1.0,1
2867,0.804,1,2.0,0.0,0.0,0
2871,0.836,0,2.0,0.0,1.0,0
2874,0.921,0,2.0,0.0,1.0,1
2875,0.698,1,2.0,0.0,4.0,1
2889,0.691,1,2.0,0.0,5.0,0
2892,0.926,0,2.0,0.0,4.0,1
2893,0.878,1,2.0,21.0,2.1882634428913237,0
2898,0.949,0,2.0,0.0,3.0,0
2916,0.7759999999999999,0,2.0,0.0,0.0,1
2917,0.898,1,2.0,0.0,1.0,0
2934,0.74,1,2.0,0.0,2.0,0
2938,0.493,1,2.0,0.0,1.0,1
2939,0.763,0,2.0,0.0,2.0,0
2963,0.878,0,2.0,0.0,3.0,1
2998,0.926,1,2.0,0.0,3.0,1
3007,0.802,0,2.0,0.0,0.0,1
3014,0.895,1,2.0,0.0,5.0,1
3015,0.847,0,2.0,0.0,0.0,1
3035,0.856,0,2.0,0.0,0.0,0
3048,0.682,1,2.0,0.0,5.0,0
3050,0.722,1,2.0,0.0,5.0,1
3053,0.847,0,2.0,0.0,5.0,0
3094,0.698,0,2.0,0.0,2.1882634428913237,0
3096,0.68,0,2.0,0.0,2.0,0
3101,0.55,1,2.0,0.0,5.0,0
3116,0.762,0,2.0,0.0,0.0,1
3124,0.925,1,2.0,0.0,0.0,0
3131,0.843,0,2.0,0.0,0.0,1
3140,0.556,1,2.0,0.0,0.0,0
3143,0.754,1,2.0,0.0,0.0,0
3159,0.6659999999999999,0,2.0,0.0,3.0,0
3169,0.89,0,2.0,0.0,0.0,0
3172,0.895,1,2.0,0.0,4.0,0
3185,0.579,1,2.0,0.0,1.0,1
3206,0.893,0,2.0,0.0,1.0,1
3214,0.698,0,2.0,4.0,2.1882634428913237,1
3218,0.878,0,4.0,0.0,1.0,0
3221,0.74,1,2.0,0.0,4.0,0
3227,0.843,1,2.0,0.0,4.0,0
3233,0.579,1,2.0,0.0,4.0,0
3241,0.847,1,2.0,0.0,1.0,0
3252,0.925,1,2.0,0.0,1.0,1
3260,0.794,1,2.0,0.0,0.0,0
3263,0.855,0,2.0,0.0,0.0,1
3266,0.856,1,2.0,0.0,3.0,0
3276,0.915,0,2.0,0.0,1.0,0
3293,0.68,1,2.0,0.0,1.0,0
3295,0.624,0,2.0,0.0,2.0,0
3317,0.762,1,2.0,0.0,4.0,0
3320,0.794,0,2.0,0.0,0.0,0
3329,0.923,1,2.0,0.0,3.0,0
3330,0.949,1,2.0,0.0,5.0,1
3333,0.512,1,2.0,0.0,5.0,0
3341,0.527,0,2.0,0.0,0.0,0
3343,0.895,1,2.0,0.0,3.0,0
3353,0.949,1,2.0,0.0,3.0,0
3355,0.92,1,2.0,18.0,2.1882634428913237,0
3360,0.878,0,2.0,0.0,5.0,0
3375,0.7659999999999999,0,2.0,0.0,1.0,0
3384,0.8959999999999999,0,2.0,0.0,0.0,0
3388,0.64,1,2.0,0.0,1.0,0
3390,0.884,0,2.0,0.0,1.0,1
3393,0.847,1,2.0,0.0,3.0,0
3403,0.527,1,2.0,0.0,2.0,1
3419,0.794,1,2.0,0.0,4.0,0
3428,0.895,1,4.0,0.0,5.0,0
3432,0.6890000000000001,0,2.0,3.0,2.1882634428913237,1
3435,0.887,1,2.0,0.0,0.0,1
3440,0.924,0,2.0,0.0,2.0,0
3460,0.843,0,2.0,0.0,0.0,0
3464,0.6890000000000001,0,2.0,0.0,3.0,0
3469,0.624,0,2.0,3.0,2.1882634428913237,1
3472,0.479,1,2.0,0.0,5.0,0
3475,0.74,1,2.0,0.0,5.0,0
3478,0.527,1,2.0,0.0,1.0,1
3497,0.763,0,2.0,0.0,1.0,0
3529,0.725,0,2.0,0.0,2.0,1
3566,0.794,1,2.0,0.0,1.0,1
3571,0.895,0,2.0,0.0,5.0,0
3572,0.878,0,2.0,0.0,4.0,0
3576,0.897,0,2.0,0.0,2.0,1
3593,0.89,0,2.0,0.0,1.0,1
3629,0.691,0,2.0,0.0,0.0,0
3630,0.895,1,2.0,0.0,2.0,0
3638,0.7390000000000001,0,2.0,0.0,2.1882634428913237,0
3662,0.897,1,2.0,0.0,5.0,1
3663,0.5579999999999999,0,2.0,0.0,0.0,0
3677,0.8270000000000001,1,2.0,0.0,0.0,0
3697,0.915,1,2.0,0.0,5.0,0
3703,0.84,0,2.0,0.0,1.0,1
3706,0.925,0,2.0,0.0,1.0,0
3709,0.856,1,2.0,0.0,0.0,0
3713,0.899,0,2.0,0.0,1.0,0
3719,0.794,1,2.0,0.0,2.1882634428913237,0
3734,0.8270000000000001,1,2.0,0.0,5.0,1
3797,0.887,0,2.0,0.0,3.0,1
3805,0.698,1,2.0,0.0,2.1882634428913237,0
3812,0.738,1,2.0,0.0,2.0,0
3818,0.856,1,2.0,0.0,1.0,1
3831,0.925,1,2.0,0.0,5.0,1
3845,0.794,0,2.0,4.0,2.1882634428913237,0
3850,0.769,1,2.0,0.0,2.0,0
3873,0.579,0,2.0,0.0,0.0,1
3879,0.725,0,2.0,0.0,2.0,0
3881,0.55,1,2.0,0.0,0.0,0
3882,0.887,1,2.0,0.0,2.0,1
3884,0.738,0,2.0,0.0,0.0,0
3923,0.897,0,0.0,3.0,2.1882634428913237,0
3925,0.763,1,2.0,0.0,4.0,0
3931,0.767,0,2.0,0.0,1.0,0
3950,0.762,0,2.0,0.0,5.0,1
3982,0.925,0,2.0,0.0,3.0,0
3986,0.897,1,2.0,0.0,3.0,1
4010,0.7390000000000001,1,2.0,0.0,5.0,0
4061,0.898,1,2.0,0.0,5.0,0
4075,0.7659999999999999,1,2.0,0.0,2.0,1
4080,0.925,0,2.0,0.0,0.0,0
4081,0.89,1,2.0,0.0,1.0,1
4084,0.7759999999999999,1,2.0,0.0,1.0,1
4087,0.887,0,2.0,0.0,4.0,1
4102,0.742,0,2.0,0.0,5.0,0
4109,0.68,1,2.0,0.0,1.0,1
4115,0.624,0,2.0,5.0,2.1882634428913237,0
4164,0.866,1,2.0,0.0,5.0,1
4175,0.887,0,2.0,0.0,5.0,1
4188,0.848,0,2.0,0.0,0.0,0
4203,0.903,0,2.0,0.0,1.0,1
4209,0.6890000000000001,0,2.0,0.0,1.0,0
4210,0.691,1,2.0,0.0,5.0,1
4211,0.899,0,2.0,0.0,0.0,1
4235,0.804,1,2.0,0.0,5.0,1
4241,0.856,1,2.0,0.0,4.0,0
4242,0.691,0,2.0,0.0,1.0,1
4245,0.804,0,2.0,0.0,3.0,0
4258,0.926,0,2.0,0.0,3.0,0
4265,0.865,1,2.0,0.0,4.0,0
4267,0.878,1,2.0,0.0,2.0,1
4274,0.843,1,2.0,0.0,2.0,0
4292,0.563,1,2.0,0.0,1.0,1
4296,0.794,1,2.0,0.0,3.0,0
4304,0.884,1,2.0,0.0,1.0,1
4311,0.897,0,2.0,7.0,2.1882634428913237,0
4312,0.903,0,2.0,0.0,3.0,0
4327,0.579,1,2.0,0.0,5.0,1
4332,0.903,1,2.0,0.0,0.0,1
4341,0.899,0,2.0,1.0,2.1882634428913237,0
4350,0.7659999999999999,1,2.0,0.0,0.0,0
4389,0.804,0,2.0,0.0,5.0,1
4390,0.8270000000000001,0,2.0,0.0,3.0,1
4402,0.7959999999999999,0,2.0,0.0,0.0,0
4415,0.794,1,2.0,21.0,2.1882634428913237,0
4431,0.6890000000000001,1,2.0,0.0,2.0,0
4435,0.897,1,2.0,0.0,4.0,1
4471,0.8270000000000001,1,2.0,0.0,4.0,0
4483,0.897,0,2.0,5.0,2.1882634428913237,0
4487,0.897,1,2.0,16.0,2.1882634428913237,0
4517,0.921,0,2.0,0.0,1.0,0
4528,0.579,1,2.0,0.0,2.0,0
4538,0.855,0,2.0,0.0,3.0,1
4548,0.555,0,2.0,0.0,1.0,1
4557,0.647,0,2.0,0.0,0.0,0
4568,0.92,0,2.0,4.0,2.1882634428913237,0
4571,0.7390000000000001,0,2.0,0.0,1.0,1
4590,0.856,1,2.0,0.0,5.0,1
4591,0.794,0,2.0,0.0,1.0,1
4601,0.754,0,2.0,0.0,0.0,1
4605,0.727,1,2.0,0.0,1.0,1
4607,0.8270000000000001,0,2.0,0.0,2.0,0
4609,0.738,0,2.0,0.0,5.0,1
4614,0.579,0,4.0,0.0,1.0,0
4632,0.899,1,2.0,0.0,4.0,0
4636,0.804,1,2.0,0.0,3.0,1
4641,0.893,0,2.0,0.0,4.0,0
4655,0.848,0,2.0,0.0,1.0,0
4659,0.8959999999999999,1,2.0,0.0,3.0,0
4662,0.8270000000000001,0,2.0,0.0,5.0,0
4666,0.6890000000000001,1,2.0,0.0,3.0,0
4667,0.74,1,2.0,0.0,1.0,0
4671,0.884,1,2.0,8.0,2.1882634428913237,0
4674,0.516,0,2.0,0.0,1.0,1
4675,0.925,0,2.0,0.0,0.0,1
4676,0.563,1,2.0,0.0,0.0,1
4691,0.775,1,2.0,0.0,3.0,1
4704,0.895,0,2.0,0.0,2.0,0
4708,0.624,0,2.0,7.0,2.1882634428913237,0
4711,0.866,0,2.0,0.0,1.0,0
4718,0.903,1,2.0,0.0,0.0,0
4739,0.939,1,2.0,0.0,2.1882634428913237,0
4744,0.4479999999999999,0,2.0,0.0,0.0,1
4749,0.8270000000000001,1,2.0,0.0,2.0,1
4753,0.6890000000000001,0,4.0,0.0,0.0,0
4769,0.624,0,2.0,1.0,2.1882634428913237,1
4776,0.555,1,2.0,0.0,0.0,1
4789,0.727,1,2.0,0.0,3.0,0
4798,0.848,0,2.0,0.0,2.0,1
4820,0.754,0,2.0,0.0,5.0,1
4845,0.843,1,2.0,0.0,4.0,1
4851,0.887,1,2.0,0.0,2.1882634428913237,0
4861,0.848,0,2.0,0.0,3.0,0
4868,0.84,1,2.0,0.0,4.0,0
4896,0.884,0,2.0,0.0,0.0,1
4900,0.789,0,2.0,0.0,4.0,0
4905,0.555,0,2.0,0.0,0.0,0
4918,0.91,1,2.0,0.0,3.0,1
4920,0.563,0,2.0,0.0,1.0,1
4924,0.647,0,2.0,0.0,0.0,1
4984,0.866,1,2.0,0.0,3.0,0
5004,0.848,1,2.0,0.0,5.0,1
5024,0.6890000000000001,1,2.0,0.0,5.0,1
5040,0.479,1,2.0,0.0,5.0,1
5053,0.926,1,2.0,0.0,2.1882634428913237,0
5059,0.897,1,2.0,0.0,2.0,1
5063,0.897,0,2.0,8.0,2.1882634428913237,0
5065,0.843,0,2.0,0.0,4.0,0
5071,0.884,1,2.0,0.0,4.0,0
5079,0.8270000000000001,0,2.0,0.0,1.0,1
5085,0.725,1,2.0,0.0,1.0,0
5122,0.7659999999999999,0,2.0,0.0,0.0,1
5150,0.794,0,2.0,5.0,2.1882634428913237,0
5160,0.7759999999999999,1,2.0,0.0,5.0,1
5174,0.762,0,2.0,0.0,2.0,0
5179,0.624,0,2.0,0.0,3.0,0
5190,0.767,1,2.0,16.0,2.1882634428913237,0
5196,0.89,0,2.0,0.0,2.0,0
5240,0.847,1,2.0,0.0,5.0,0
5242,0.754,0,2.0,0.0,3.0,1
5250,0.624,0,4.0,0.0,1.0,1
5252,0.949,1,2.0,0.0,2.1882634428913237,0
5280,0.55,0,2.0,4.0,2.1882634428913237,0
5296,0.923,1,2.0,0.0,0.0,0
5298,0.775,0,2.0,0.0,1.0,1
5336,0.516,0,2.0,0.0,1.0,0
5343,0.866,1,2.0,0.0,0.0,1
5347,0.745,1,2.0,0.0,0.0,0
5352,0.754,0,2.0,0.0,4.0,1
5358,0.512,1,2.0,0.0,1.0,0
5363,0.795,1,2.0,0.0,2.0,0
5384,0.743,0,2.0,0.0,1.0,0
5436,0.682,1,2.0,0.0,0.0,1
5438,0.556,0,2.0,0.0,1.0,1
5447,0.693,1,2.0,0.0,1.0,0
5455,0.923,0,2.0,0.0,5.0,1
5517,0.899,0,2.0,0.0,2.0,0
5519,0.767,0,2.0,0.0,0.0,1
5531,0.949,0,2.0,0.0,0.0,0
5558,0.6890000000000001,0,2.0,0.0,0.0,1
5567,0.4479999999999999,1,2.0,0.0,1.0,1
5577,0.884,1,2.0,0.0,5.0,1
5584,0.738,1,2.0,0.0,4.0,1
5602,0.647,1,2.0,0.0,5.0,0
5622,0.762,0,2.0,0.0,1.0,0
5623,0.866,1,2.0,0.0,1.0,1
5628,0.691,1,2.0,0.0,1.0,0
5641,0.913,1,2.0,0.0,0.0,0
5643,0.895,0,2.0,0.0,4.0,0
5657,0.915,1,2.0,0.0,3.0,0
5665,0.887,0,2.0,0.0,0.0,1
5672,0.913,0,2.0,0.0,0.0,1
5702,0.743,0,2.0,0.0,2.0,0
5712,0.555,1,2.0,0.0,5.0,0
5723,0.847,0,2.0,0.0,3.0,0
5735,0.939,1,2.0,0.0,4.0,1
5744,0.915,1,2.0,0.0,2.0,1
5757,0.926,0,2.0,2.0,2.1882634428913237,0
5776,0.55,1,2.0,0.0,0.0,1
5778,0.6659999999999999,1,2.0,0.0,3.0,1
5781,0.754,0,2.0,0.0,2.0,0
5793,0.802,0,2.0,4.0,2.1882634428913237,0
5796,0.775,1,2.0,0.0,5.0,1
5797,0.884,1,2.0,0.0,4.0,1
5798,0.738,0,2.0,0.0,0.0,1
5801,0.701,1,2.0,0.0,3.0,0
5802,0.887,0,2.0,0.0,2.0,0
5809,0.579,0,2.0,2.0,2.1882634428913237,1
5813,0.7390000000000001,0,2.0,0.0,0.0,0
5848,0.527,0,2.0,0.0,2.0,1
5857,0.518,1,2.0,0.0,2.0,1
5867,0.5579999999999999,1,2.0,0.0,4.0,1
5876,0.865,1,2.0,0.0,3.0,0
5928,0.802,1,2.0,0.0,1.0,1
5935,0.68,1,2.0,0.0,2.0,0
5936,0.91,1,2.0,0.0,4.0,1
5954,0.738,1,2.0,0.0,5.0,0
5982,0.691,1,2.0,0.0,1.0,1
5995,0.691,0,2.0,0.0,4.0,0
6015,0.55,1,2.0,0.0,4.0,1
6054,0.55,0,2.0,0.0,2.0,1
6064,0.624,1,2.0,3.0,2.1882634428913237,0
6068,0.913,0,2.0,0.0,4.0,0
6105,0.764,0,2.0,0.0,1.0,0
6127,0.4479999999999999,0,2.0,0.0,4.0,1
6143,0.55,1,2.0,0.0,4.0,0
6166,0.5579999999999999,1,2.0,0.0,5.0,0
6172,0.939,0,2.0,0.0,0.0,1
6174,0.8240000000000001,1,2.0,0.0,1.0,0
6182,0.6890000000000001,1,2.0,0.0,4.0,0
6203,0.527,1,2.0,0.0,5.0,1
6206,0.789,1,2.0,0.0,5.0,0
6223,0.8270000000000001,0,2.0,0.0,4.0,0
6271,0.924,0,2.0,0.0,0.0,1
6272,0.624,0,2.0,2.0,2.1882634428913237,1
6275,0.83,1,2.0,0.0,2.0,0
6295,0.763,0,2.0,0.0,0.0,1
6297,0.727,1,2.0,0.0,1.0,0
6304,0.74,1,2.0,0.0,2.0,1
6324,0.624,0,4.0,0.0,0.0,1
6348,0.691,1,2.0,0.0,0.0,1
6354,0.878,1,2.0,0.0,4.0,0
6378,0.5579999999999999,1,2.0,0.0,2.0,1
6406,0.518,0,2.0,0.0,0.0,1
6419,0.865,1,2.0,0.0,0.0,0
6425,0.92,1,2.0,0.0,2.1882634428913237,1
6437,0.926,0,2.0,0.0,2.1882634428913237,0
6483,0.7759999999999999,0,2.0,0.0,0.0,0
6545,0.91,0,4.0,0.0,2.0,0
6547,0.913,0,2.0,0.0,2.0,0
6576,0.855,0,2.0,0.0,5.0,1
6586,0.624,1,4.0,0.0,2.0,0
6587,0.6890000000000001,1,2.0,0.0,2.1882634428913237,0
6599,0.848,0,2.0,0.0,1.0,1
6614,0.701,0,2.0,0.0,1.0,1
6625,0.55,0,4.0,0.0,0.0,0
6635,0.848,1,2.0,0.0,0.0,0
6640,0.74,1,2.0,0.0,1.0,1
6646,0.693,1,2.0,0.0,4.0,0
6666,0.682,1,2.0,12.0,2.1882634428913237,1
6670,0.701,1,2.0,0.0,2.0,1
6674,0.903,0,2.0,0.0,0.0,1
6680,0.895,0,2.0,8.0,2.1882634428913237,0
6700,0.939,0,2.0,0.0,4.0,0
6702,0.698,1,4.0,0.0,1.0,1
6711,0.7390000000000001,0,2.0,9.0,2.1882634428913237,1
6712,0.487,1,2.0,0.0,1.0,1
6745,0.7959999999999999,0,2.0,0.0,0.0,1
6746,0.5579999999999999,1,2.0,0.0,0.0,0
6752,0.743,0,2.0,0.0,2.0,1
6753,0.645,1,2.0,0.0,1.0,0
6773,0.555,0,2.0,0.0,2.0,0
6779,0.518,0,2.0,0.0,5.0,1
6792,0.804,1,2.0,4.0,2.1882634428913237,0
6793,0.682,0,2.0,0.0,4.0,1
6821,0.913,0,2.0,0.0,5.0,0
6822,0.939,0,2.0,0.0,5.0,1
6839,0.856,1,2.0,0.0,5.0,0
6845,0.735,1,2.0,0.0,2.0,1
6847,0.915,1,2.0,0.0,5.0,1
6852,0.727,1,2.0,0.0,5.0,1
6858,0.847,1,2.0,0.0,4.0,0
6873,0.89,1,2.0,0.0,0.0,0
6897,0.897,0,2.0,5.0,2.1882634428913237,1
6923,0.92,0,2.0,3.0,2.1882634428913237,0
6938,0.647,0,2.0,0.0,1.0,0
6956,0.722,1,2.0,0.0,2.0,0
6961,0.64,1,2.0,0.0,0.0,0
6991,0.74,0,2.0,0.0,2.1882634428913237,1
6994,0.899,0,2.0,0.0,3.0,0
7001,0.8270000000000001,1,2.0,0.0,3.0,0
7028,0.555,1,2.0,0.0,2.0,0
7051,0.795,0,2.0,0.0,3.0,0
7085,0.789,1,2.0,0.0,2.0,1
7112,0.843,0,2.0,0.0,2.1882634428913237,1
7122,0.579,1,2.0,0.0,2.1882634428913237,1
7154,0.647,0,2.0,0.0,2.0,1
7163,0.55,1,2.0,1.0,2.1882634428913237,1
7173,0.624,1,2.0,12.0,2.1882634428913237,0
7176,0.764,0,2.0,0.0,2.0,1
7184,0.89,0,2.0,0.0,3.0,1
7196,0.897,0,4.0,0.0,1.0,0
7201,0.924,0,2.0,0.0,2.0,1
7214,0.836,1,2.0,0.0,1.0,1
7223,0.7759999999999999,1,2.0,0.0,4.0,0
7224,0.8959999999999999,0,2.0,0.0,2.1882634428913237,0
7237,0.855,1,2.0,0.0,1.0,1
7242,0.915,1,2.0,0.0,2.1882634428913237,0
7244,0.555,1,2.0,0.0,0.0,0
7257,0.897,1,2.0,0.0,0.0,1
7292,0.843,1,2.0,0.0,3.0,0
7330,0.743,1,2.0,7.0,2.1882634428913237,1
7344,0.89,1,2.0,0.0,2.0,1
7362,0.924,0,4.0,0.0,0.0,0
7367,0.913,0,4.0,0.0,0.0,1
7429,0.479,0,2.0,0.0,2.0,1
7439,0.856,1,2.0,0.0,2.1882634428913237,1
7458,0.493,0,2.0,0.0,1.0,0
7468,0.8270000000000001,1,2.0,0.0,4.0,1
7483,0.878,1,2.0,0.0,2.1882634428913237,0
7548,0.789,1,2.0,0.0,2.0,0
7560,0.923,1,2.0,0.0,4.0,1
7561,0.563,1,2.0,0.0,1.0,0
7584,0.897,1,4.0,0.0,0.0,0
7598,0.913,0,2.0,0.0,3.0,0
7612,0.843,0,2.0,0.0,5.0,0
7638,0.745,1,2.0,0.0,5.0,0
7654,0.91,1,2.0,0.0,0.0,1
7670,0.767,1,2.0,0.0,2.1882634428913237,0
7677,0.802,0,2.0,0.0,5.0,0
7692,0.848,0,2.0,0.0,0.0,1
7696,0.579,0,2.0,0.0,2.0,1
7698,0.804,0,4.0,0.0,0.0,0
7699,0.493,1,2.0,0.0,0.0,0
7717,0.848,1,2.0,0.0,2.0,0
7723,0.563,1,2.0,0.0,5.0,0
7724,0.4479999999999999,1,2.0,0.0,1.0,0
7729,0.789,0,2.0,0.0,3.0,0
7746,0.624,0,4.0,5.0,2.1882634428913237,0
7766,0.775,1,2.0,0.0,3.0,0
7770,0.725,1,2.0,0.0,3.0,1
7790,0.789,0,2.0,0.0,2.0,0
7806,0.856,0,2.0,0.0,2.0,0
7828,0.898,1,2.0,0.0,0.0,0
7836,0.698,0,2.0,3.0,2.1882634428913237,0
7843,0.479,0,4.0,0.0,0.0,0
7857,0.913,0,2.0,0.0,1.0,1
7864,0.4479999999999999,1,2.0,0.0,5.0,0
7871,0.789,0,2.0,0.0,5.0,0
7873,0.855,1,2.0,0.0,3.0,1
7886,0.743,0,2.0,0.0,3.0,1
7914,0.722,1,2.0,0.0,5.0,0
7922,0.884,0,4.0,0.0,0.0,0
7924,0.913,0,2.0,0.0,1.0,0
7984,0.479,1,2.0,0.0,1.0,1
8007,0.83,0,2.0,0.0,1.0,0
8023,0.6659999999999999,1,2.0,0.0,4.0,1
8032,0.7759999999999999,0,2.0,0.0,1.0,1
8034,0.764,1,2.0,4.0,2.1882634428913237,0
8058,0.924,0,2.0,0.0,3.0,0
8068,0.74,1,2.0,14.0,2.1882634428913237,1
8078,0.7879999999999999,1,2.0,0.0,5.0,0
8119,0.743,0,2.0,4.0,2.1882634428913237,0
8124,0.939,0,2.0,0.0,2.1882634428913237,0
8139,0.926,0,4.0,0.0,1.0,0
8155,0.8959999999999999,1,2.0,0.0,4.0,1
8215,0.722,0,2.0,0.0,0.0,1
8233,0.738,1,2.0,0.0,1.0,1
8250,0.836,0,2.0,0.0,2.0,0
8254,0.921,1,2.0,0.0,5.0,0
8273,0.926,0,2.0,0.0,3.0,1
8379,0.742,1,2.0,0.0,2.0,0
8386,0.92,1,2.0,8.0,2.1882634428913237,0
8400,0.735,1,2.0,0.0,5.0,0
8411,0.92,0,2.0,0.0,2.1882634428913237,1
8414,0.84,1,2.0,0.0,5.0,0
8421,0.884,0,2.0,0.0,5.0,1
8445,0.74,0,2.0,0.0,2.0,1
8455,0.764,1,2.0,0.0,5.0,0
8460,0.55,0,2.0,0.0,4.0,1
8469,0.8270000000000001,0,2.0,0.0,0.0,1
8477,0.897,0,2.0,0.0,3.0,1
8486,0.725,1,2.0,0.0,0.0,0
8488,0.794,1,2.0,0.0,2.0,1
8514,0.847,0,2.0,0.0,1.0,0
8526,0.92,0,2.0,1.0,2.1882634428913237,0
8538,0.722,0,2.0,2.0,2.1882634428913237,0
8552,0.92,0,2.0,7.0,2.1882634428913237,0
8554,0.89,0,2.0,0.0,5.0,0
8587,0.91,0,4.0,6.0,2.1882634428913237,0
8605,0.899,0,2.0,0.0,2.0,1
8626,0.847,1,2.0,0.0,2.0,0
8655,0.921,0,2.0,0.0,3.0,1
8659,0.794,0,2.0,0.0,0.0,1
8691,0.939,1,2.0,0.0,3.0,1
8735,0.743,0,2.0,0.0,0.0,1
8774,0.83,1,2.0,0.0,5.0,0
8785,0.7659999999999999,0,2.0,0.0,0.0,0
8816,0.7959999999999999,0,4.0,0.0,0.0,0
8817,0.789,1,2.0,0.0,4.0,0
8834,0.727,0,2.0,0.0,1.0,0
8884,0.6659999999999999,1,2.0,0.0,5.0,1
8905,0.925,0,4.0,4.0,2.1882634428913237,0
8913,0.903,1,2.0,0.0,4.0,1
8922,0.5579999999999999,0,2.0,0.0,2.1882634428913237,0
8971,0.64,0,2.0,0.0,1.0,1
9029,0.924,0,2.0,0.0,4.0,1
9030,0.579,1,2.0,0.0,3.0,1
9032,0.847,0,2.0,0.0,2.1882634428913237,0
9083,0.563,0,2.0,0.0,2.0,1
9130,0.836,1,2.0,0.0,3.0,0
9131,0.579,1,2.0,0.0,3.0,0
9134,0.4479999999999999,0,2.0,0.0,1.0,1
9138,0.887,1,4.0,0.0,1.0,1
9155,0.89,0,2.0,0.0,2.0,1
9206,0.92,0,4.0,4.0,2.1882634428913237,0
9212,0.897,1,4.0,0.0,5.0,0
9217,0.925,0,2.0,0.0,3.0,1
9219,0.518,1,2.0,0.0,1.0,0
9225,0.479,0,2.0,0.0,5.0,1
9230,0.843,0,2.0,0.0,2.0,0
9304,0.645,0,2.0,0.0,0.0,0
9379,0.836,1,2.0,0.0,5.0,1
9432,0.915,0,2.0,0.0,2.0,0
9453,0.698,0,2.0,0.0,5.0,1
9461,0.556,1,2.0,0.0,1.0,0
9467,0.878,1,2.0,0.0,0.0,0
9496,0.91,0,2.0,0.0,4.0,1
9540,0.5579999999999999,0,2.0,0.0,2.0,1
9549,0.843,1,2.0,0.0,0.0,0
9559,0.848,1,2.0,0.0,1.0,1
9625,0.74,1,2.0,0.0,3.0,0
9627,0.7390000000000001,1,2.0,0.0,1.0,0
9648,0.899,1,2.0,0.0,5.0,1
9665,0.649,1,2.0,0.0,0.0,0
9720,0.738,1,2.0,0.0,3.0,1
9740,0.6890000000000001,0,2.0,0.0,2.0,1
9747,0.6659999999999999,0,2.0,0.0,2.0,0
9768,0.878,0,2.0,0.0,2.0,1
9805,0.92,1,2.0,16.0,2.1882634428913237,1
9866,0.897,0,2.0,4.0,2.1882634428913237,0
9894,0.884,1,2.0,0.0,3.0,1
9905,0.878,1,2.0,0.0,4.0,1
9957,0.647,1,2.0,0.0,1.0,1
9966,0.579,0,2.0,0.0,2.0,0
9987,0.7809999999999999,1,2.0,0.0,1.0,0
10043,0.847,0,2.0,0.0,0.0,0
10063,0.926,0,4.0,0.0,2.0,0
10084,0.5579999999999999,1,2.0,0.0,2.1882634428913237,0
10111,0.7879999999999999,1,2.0,0.0,1.0,0
10135,0.735,0,2.0,0.0,5.0,1
10151,0.926,1,4.0,0.0,1.0,0
10167,0.701,0,2.0,0.0,0.0,0
10179,0.926,0,2.0,8.0,2.1882634428913237,1
10238,0.866,0,2.0,0.0,3.0,0
10244,0.8270000000000001,0,4.0,0.0,0.0,0
10252,0.856,1,2.0,0.0,2.0,0
10334,0.903,1,2.0,0.0,3.0,1
10337,0.887,0,4.0,21.0,2.1882634428913237,1
10339,0.512,1,2.0,0.0,1.0,1
10383,0.7659999999999999,0,2.0,0.0,2.1882634428913237,1
10401,0.4479999999999999,0,2.0,0.0,2.0,0
10403,0.887,1,4.0,0.0,1.0,0
10404,0.698,1,2.0,0.0,0.0,1
10411,0.925,0,2.0,0.0,2.0,1
10418,0.91,0,2.0,6.0,2.1882634428913237,0
10426,0.802,1,4.0,0.0,2.1882634428913237,0
10442,0.64,1,2.0,0.0,2.0,0
10458,0.645,1,2.0,0.0,5.0,0
10473,0.73,0,2.0,0.0,0.0,0
10485,0.7879999999999999,0,2.0,0.0,5.0,0
10531,0.866,0,4.0,0.0,0.0,0
10563,0.625,1,2.0,0.0,0.0,0
10570,0.92,1,2.0,3.0,2.1882634428913237,0
10579,0.682,0,2.0,3.0,2.1882634428913237,0
10602,0.836,0,2.0,0.0,4.0,0
10656,0.698,0,2.0,1.0,2.1882634428913237,0
10682,0.923,1,2.0,0.0,1.0,1
10696,0.738,0,2.0,0.0,3.0,0
10716,0.878,1,2.0,0.0,0.0,1
10717,0.83,1,2.0,0.0,3.0,0
10738,0.743,1,2.0,0.0,2.0,1
10782,0.897,0,2.0,0.0,2.1882634428913237,1
10789,0.775,1,2.0,0.0,2.1882634428913237,0
10793,0.516,0,2.0,0.0,0.0,1
10809,0.802,1,2.0,0.0,0.0,1
10832,0.7809999999999999,0,2.0,0.0,0.0,1
10872,0.767,1,2.0,3.0,2.1882634428913237,1
10924,0.78,0,4.0,0.0,0.0,0
10957,0.682,1,2.0,0.0,0.0,0
10966,0.727,0,2.0,6.0,2.1882634428913237,1
11017,0.742,1,2.0,0.0,0.0,0
11031,0.924,0,2.0,5.0,2.1882634428913237,1
11037,0.698,1,4.0,0.0,0.0,0
11040,0.743,1,2.0,0.0,4.0,1
11058,0.925,1,2.0,0.0,2.0,1
11059,0.939,0,4.0,0.0,0.0,0
11093,0.939,1,2.0,0.0,0.0,1
11114,0.763,0,2.0,0.0,0.0,0
11182,0.727,0,2.0,0.0,2.0,1
11191,0.74,1,2.0,0.0,2.1882634428913237,1
11198,0.647,1,2.0,0.0,3.0,0
11228,0.865,0,2.0,0.0,5.0,0
11236,0.847,1,2.0,0.0,1.0,1
11244,0.745,0,2.0,0.0,5.0,0
11248,0.7390000000000001,1,2.0,0.0,2.0,0
11338,0.6890000000000001,1,2.0,0.0,0.0,1
11352,0.8959999999999999,0,2.0,0.0,4.0,1
11369,0.7959999999999999,0,2.0,0.0,1.0,1
11378,0.487,0,2.0,0.0,1.0,1
11389,0.647,1,2.0,0.0,2.0,0
11395,0.725,0,2.0,0.0,5.0,0
11400,0.789,0,2.0,0.0,0.0,0
11409,0.762,0,4.0,0.0,0.0,0
11438,0.555,1,2.0,0.0,5.0,1
11443,0.926,0,2.0,4.0,2.1882634428913237,0
11469,0.518,0,2.0,0.0,5.0,0
11539,0.649,1,2.0,0.0,2.1882634428913237,0
11557,0.691,0,2.0,0.0,0.0,1
11605,0.624,0,2.0,2.0,2.1882634428913237,0
11645,0.722,1,2.0,0.0,3.0,1
11654,0.915,1,2.0,0.0,0.0,0
11660,0.769,1,2.0,0.0,3.0,0
11677,0.563,1,2.0,0.0,2.1882634428913237,1
11700,0.7759999999999999,1,2.0,0.0,3.0,0
11716,0.725,1,2.0,0.0,2.0,0
11718,0.479,0,2.0,0.0,2.0,0
11757,0.762,0,2.0,0.0,2.0,1
11765,0.769,0,2.0,1.0,2.1882634428913237,0
11766,0.624,1,2.0,5.0,2.1882634428913237,0
11774,0.487,1,2.0,0.0,1.0,0
11777,0.7659999999999999,1,2.0,0.0,4.0,0
11784,0.866,1,2.0,0.0,3.0,1
11786,0.939,1,2.0,0.0,2.1882634428913237,1
11805,0.926,0,2.0,0.0,2.1882634428913237,1
11814,0.74,0,2.0,0.0,3.0,0
11822,0.7390000000000001,1,2.0,0.0,5.0,1
11829,0.7390000000000001,0,2.0,0.0,2.0,1
11863,0.795,1,2.0,0.0,4.0,0
11885,0.74,0,2.0,0.0,1.0,0
11980,0.579,0,2.0,0.0,5.0,0
11986,0.855,0,2.0,3.0,2.1882634428913237,0
12028,0.924,0,2.0,4.0,2.1882634428913237,1
12032,0.915,0,2.0,0.0,0.0,1
12079,0.698,0,4.0,2.0,2.1882634428913237,0
12097,0.682,1,2.0,0.0,3.0,1
12103,0.555,0,2.0,0.0,2.0,1
12112,0.722,0,2.0,0.0,1.0,0
12123,0.923,0,2.0,0.0,2.1882634428913237,0
12157,0.7390000000000001,1,2.0,0.0,0.0,0
12213,0.949,0,2.0,0.0,2.0,1
12240,0.7959999999999999,0,2.0,0.0,2.0,1
12316,0.625,1,2.0,0.0,4.0,0
12348,0.92,0,4.0,0.0,2.1882634428913237,0
12362,0.925,1,2.0,0.0,2.1882634428913237,0
12385,0.8240000000000001,1,2.0,0.0,5.0,1
12386,0.893,0,2.0,0.0,2.1882634428913237,1
12395,0.738,1,2.0,0.0,2.1882634428913237,1
12413,0.923,0,2.0,4.0,2.1882634428913237,0
12414,0.722,0,2.0,0.0,2.0,0
12444,0.754,0,2.0,0.0,2.0,1
12467,0.725,1,2.0,0.0,3.0,0
12486,0.6659999999999999,0,2.0,0.0,2.0,1
12513,0.479,0,2.0,0.0,0.0,1
12529,0.899,0,2.0,0.0,1.0,1
12600,0.691,1,2.0,0.0,3.0,0
12626,0.624,0,2.0,9.0,2.1882634428913237,0
12693,0.847,0,4.0,0.0,0.0,0
12699,0.743,1,2.0,0.0,0.0,1
12702,0.68,1,2.0,0.0,5.0,0
12741,0.763,1,2.0,0.0,5.0,0
12760,0.763,1,2.0,0.0,0.0,1
12771,0.579,1,2.0,0.0,5.0,0
12779,0.555,0,2.0,0.0,4.0,1
12786,0.516,1,2.0,0.0,2.0,1
12810,0.8270000000000001,1,2.0,0.0,2.1882634428913237,0
12826,0.843,0,2.0,0.0,1.0,1
12827,0.55,0,4.0,0.0,1.0,1
12902,0.895,1,2.0,0.0,4.0,1
12903,0.949,0,2.0,0.0,4.0,0
12914,0.897,1,2.0,21.0,2.1882634428913237,1
12918,0.789,1,2.0,0.0,4.0,1
12920,0.92,1,2.0,21.0,2.1882634428913237,0
12924,0.898,0,2.0,0.0,1.0,0
12944,0.727,0,2.0,0.0,3.0,0
12957,0.915,0,2.0,11.0,2.1882634428913237,0
12960,0.865,1,2.0,0.0,2.0,0
12976,0.743,0,2.0,18.0,2.1882634428913237,1
13055,0.7659999999999999,1,2.0,0.0,3.0,0
13115,0.682,0,2.0,1.0,2.1882634428913237,1
13204,0.807,1,2.0,0.0,4.0,0
13225,0.923,1,2.0,0.0,3.0,1
13236,0.92,1,4.0,21.0,2.1882634428913237,0
13244,0.926,0,2.0,5.0,2.1882634428913237,0
13354,0.701,1,2.0,0.0,1.0,1
13359,0.915,1,2.0,0.0,3.0,1
13370,0.866,0,2.0,0.0,5.0,1
13401,0.775,0,2.0,0.0,0.0,0
13440,0.847,0,2.0,0.0,1.0,1
13443,0.91,0,2.0,0.0,2.1882634428913237,0
13446,0.479,0,2.0,0.0,0.0,0
13448,0.804,0,2.0,0.0,4.0,0
13460,0.735,0,2.0,0.0,0.0,0
13493,0.898,0,2.0,0.0,2.0,0
13498,0.555,0,2.0,0.0,5.0,1
13505,0.8959999999999999,1,2.0,0.0,1.0,1
13535,0.763,1,2.0,0.0,1.0,1
13536,0.949,1,2.0,0.0,0.0,0
13549,0.4479999999999999,1,2.0,0.0,2.0,0
13593,0.794,1,4.0,0.0,2.0,0
13686,0.91,0,4.0,7.0,2.1882634428913237,0
13701,0.92,0,2.0,3.0,2.1882634428913237,1
13714,0.745,0,2.0,0.0,1.0,1
13750,0.866,0,2.0,0.0,2.0,1
13759,0.691,1,2.0,0.0,2.1882634428913237,0
13768,0.78,1,2.0,0.0,1.0,0
13784,0.516,0,2.0,0.0,5.0,1
13799,0.563,0,2.0,0.0,0.0,1
13806,0.563,1,2.0,0.0,0.0,0
13903,0.866,0,2.0,0.0,4.0,0
13924,0.913,0,2.0,0.0,5.0,1
13937,0.764,1,2.0,0.0,5.0,1
13960,0.722,1,2.0,0.0,2.0,1
13999,0.923,0,2.0,0.0,1.0,1
14015,0.767,1,2.0,0.0,4.0,1
14026,0.926,1,2.0,21.0,2.1882634428913237,0
14068,0.762,1,2.0,0.0,4.0,1
14100,0.682,0,2.0,0.0,5.0,0
14124,0.493,1,2.0,0.0,1.0,0
14126,0.91,1,2.0,2.0,2.1882634428913237,0
14130,0.725,0,4.0,0.0,1.0,1
14140,0.8959999999999999,0,4.0,0.0,0.0,0
14155,0.479,0,2.0,0.0,1.0,0
14157,0.479,1,2.0,0.0,2.0,0
14196,0.789,1,2.0,0.0,0.0,1
14204,0.89,1,2.0,0.0,4.0,0
14207,0.563,0,2.0,0.0,2.0,0
14228,0.743,1,2.0,0.0,0.0,0
14262,0.789,0,2.0,0.0,3.0,1
14289,0.926,0,2.0,5.0,2.1882634428913237,1
14293,0.92,0,2.0,2.0,2.1882634428913237,0
14301,0.92,0,2.0,6.0,2.1882634428913237,1
14387,0.8959999999999999,0,2.0,5.0,2.1882634428913237,0
14425,0.735,0,2.0,0.0,2.0,1
14434,0.556,1,2.0,0.0,2.0,1
14451,0.664,1,2.0,0.0,1.0,1
14485,0.949,0,2.0,0.0,5.0,1
14487,0.698,0,4.0,0.0,1.0,0
14496,0.579,0,4.0,0.0,1.0,1
14501,0.743,0,2.0,0.0,3.0,0
14551,0.91,0,2.0,4.0,2.1882634428913237,0
14610,0.8270000000000001,0,2.0,0.0,5.0,1
14658,0.924,1,2.0,0.0,5.0,1
14683,0.625,0,2.0,0.0,0.0,0
14735,0.738,1,2.0,0.0,4.0,0
14774,0.8959999999999999,0,2.0,0.0,3.0,0
14861,0.512,0,2.0,0.0,0.0,1
14905,0.802,0,2.0,0.0,2.0,0
14913,0.4479999999999999,0,2.0,0.0,0.0,0
14963,0.893,1,2.0,0.0,4.0,1
15022,0.624,1,2.0,6.0,2.1882634428913237,1
15025,0.923,0,2.0,1.0,2.1882634428913237,1
15075,0.693,1,2.0,0.0,3.0,0
15098,0.897,1,2.0,10.0,2.1882634428913237,0
15100,0.764,0,2.0,0.0,5.0,0
15222,0.836,1,2.0,0.0,4.0,0
15276,0.647,1,2.0,0.0,4.0,0
15285,0.795,1,2.0,0.0,2.0,1
15368,0.479,0,2.0,3.0,2.1882634428913237,0
15370,0.802,0,2.0,0.0,2.0,1
15377,0.743,1,2.0,0.0,2.1882634428913237,1
15448,0.722,0,2.0,0.0,0.0,0
15466,0.649,0,2.0,0.0,2.0,1
15481,0.742,0,2.0,0.0,0.0,1
15522,0.924,1,2.0,0.0,4.0,1
15549,0.725,1,2.0,0.0,2.0,1
15553,0.7759999999999999,1,2.0,0.0,2.0,1
15615,0.848,1,2.0,0.0,4.0,1
15634,0.6890000000000001,1,2.0,0.0,4.0,1
15663,0.939,0,2.0,4.0,2.1882634428913237,0
15671,0.878,0,2.0,1.0,2.1882634428913237,1
15764,0.897,0,2.0,4.0,2.1882634428913237,1
15775,0.624,1,2.0,21.0,2.1882634428913237,1
15783,0.92,0,2.0,6.0,2.1882634428913237,0
15791,0.866,1,2.0,0.0,4.0,1
15808,0.698,0,2.0,0.0,3.0,1
15822,0.893,1,2.0,0.0,2.1882634428913237,0
15909,0.807,0,2.0,0.0,1.0,0
15935,0.921,0,2.0,0.0,0.0,1
15977,0.802,0,2.0,0.0,3.0,0
16038,0.848,1,2.0,0.0,2.0,1
16095,0.848,0,4.0,0.0,5.0,0
16102,0.92,0,2.0,4.0,2.1882634428913237,1
16123,0.73,0,2.0,0.0,1.0,0
16128,0.775,1,2.0,0.0,2.0,0
16164,0.68,0,2.0,0.0,0.0,1
16168,0.5579999999999999,0,2.0,0.0,5.0,1
16175,0.73,1,2.0,0.0,4.0,0
16214,0.795,1,2.0,0.0,5.0,1
16229,0.83,1,2.0,0.0,4.0,0
16234,0.698,0,2.0,3.0,2.1882634428913237,1
16246,0.727,1,2.0,0.0,2.0,1
16250,0.926,1,4.0,0.0,5.0,0
16279,0.55,1,2.0,0.0,2.1882634428913237,0
16294,0.895,1,2.0,0.0,0.0,0
16330,0.884,1,4.0,0.0,5.0,0
16361,0.55,0,2.0,0.0,4.0,0
16378,0.915,1,2.0,0.0,0.0,1
16391,0.795,0,2.0,0.0,1.0,0
16402,0.887,1,2.0,5.0,2.1882634428913237,0
16411,0.83,1,2.0,0.0,2.0,1
16446,0.624,0,2.0,4.0,2.1882634428913237,0
16455,0.7390000000000001,0,2.0,0.0,1.0,0
16544,0.865,0,2.0,0.0,1.0,1
16580,0.794,0,2.0,0.0,2.0,0
16589,0.527,1,2.0,0.0,4.0,0
16682,0.924,0,2.0,2.0,2.1882634428913237,0
16725,0.807,0,2.0,0.0,1.0,1
16727,0.925,1,2.0,0.0,4.0,1
16746,0.487,0,2.0,0.0,0.0,1
16784,0.4479999999999999,0,2.0,0.0,2.0,1
16878,0.727,1,2.0,0.0,0.0,0
16986,0.802,0,2.0,3.0,2.1882634428913237,0
16992,0.701,1,2.0,0.0,1.0,0
17004,0.84,1,2.0,0.0,2.1882634428913237,0
17014,0.925,1,4.0,0.0,1.0,0
17031,0.6659999999999999,0,2.0,0.0,0.0,1
17033,0.74,1,2.0,0.0,2.1882634428913237,0
17069,0.924,1,2.0,0.0,0.0,1
17103,0.78,1,2.0,0.0,2.0,0
17121,0.836,1,2.0,0.0,0.0,1
17123,0.836,0,2.0,0.0,0.0,1
17158,0.924,0,2.0,0.0,5.0,1
17162,0.691,0,2.0,2.0,2.1882634428913237,0
17169,0.55,1,2.0,0.0,3.0,0
17173,0.836,1,2.0,0.0,4.0,1
17194,0.895,0,4.0,0.0,0.0,0
17235,0.493,0,2.0,0.0,2.0,0
17251,0.738,0,2.0,0.0,4.0,1
17287,0.884,1,2.0,0.0,0.0,1
17358,0.807,1,2.0,0.0,1.0,0
17365,0.78,0,2.0,0.0,5.0,1
17377,0.884,0,2.0,0.0,4.0,0
17453,0.624,1,4.0,4.0,2.1882634428913237,1
17469,0.579,1,2.0,0.0,4.0,1
17470,0.915,0,2.0,0.0,5.0,0
17508,0.563,1,2.0,0.0,5.0,1
17517,0.624,1,2.0,3.0,2.1882634428913237,1
17536,0.55,0,2.0,0.0,5.0,1
17549,0.698,1,4.0,0.0,1.0,0
17612,0.91,0,2.0,1.0,2.1882634428913237,1
17662,0.903,0,2.0,12.0,2.1882634428913237,0
17680,0.722,1,2.0,0.0,4.0,0
17717,0.743,1,2.0,0.0,3.0,1
17720,0.735,0,2.0,0.0,2.0,0
17727,0.89,0,2.0,0.0,4.0,0
17743,0.527,1,2.0,0.0,4.0,1
17774,0.682,1,2.0,0.0,2.1882634428913237,0
17800,0.804,1,4.0,0.0,5.0,0
17840,0.949,0,2.0,0.0,0.0,1
17891,0.897,1,2.0,0.0,2.1882634428913237,1
17923,0.738,0,2.0,1.0,2.1882634428913237,1
17950,0.903,0,4.0,0.0,0.0,0
17977,0.698,1,4.0,21.0,2.1882634428913237,0
17991,0.738,1,2.0,0.0,0.0,1
17996,0.848,1,2.0,0.0,2.1882634428913237,0
18027,0.516,1,2.0,0.0,0.0,0
18032,0.7759999999999999,0,2.0,3.0,2.1882634428913237,1
18065,0.4479999999999999,0,2.0,0.0,2.1882634428913237,1
18092,0.487,1,2.0,0.0,0.0,1
18133,0.698,1,2.0,6.0,2.1882634428913237,0
18142,0.767,0,4.0,0.0,0.0,0
18180,0.512,0,2.0,0.0,1.0,1
18246,0.5579999999999999,1,2.0,0.0,4.0,0
18262,0.767,0,2.0,0.0,3.0,0
18424,0.903,0,2.0,0.0,2.0,0
18435,0.73,1,2.0,0.0,1.0,1
18441,0.738,0,2.0,0.0,1.0,1
18473,0.527,1,2.0,2.0,2.1882634428913237,1
18474,0.742,1,2.0,0.0,2.0,1
18510,0.895,0,2.0,0.0,0.0,0
18557,0.926,0,2.0,3.0,2.1882634428913237,1
18631,0.856,1,2.0,0.0,2.0,1
18654,0.91,1,4.0,0.0,0.0,0
18858,0.73,1,2.0,0.0,1.0,0
18862,0.624,0,2.0,1.0,2.1882634428913237,0
18902,0.84,0,2.0,0.0,5.0,0
18915,0.518,0,2.0,0.0,1.0,1
18942,0.6890000000000001,0,2.0,0.0,5.0,0
18944,0.924,0,2.0,0.0,2.1882634428913237,0
19043,0.926,0,2.0,3.0,2.1882634428913237,0
19113,0.682,0,2.0,6.0,2.1882634428913237,0
19139,0.624,1,2.0,4.0,2.1882634428913237,0
19145,0.725,0,2.0,0.0,0.0,0
